fold,prec@1,prec@3,prec@5,prec@10,rec@1,rec@3,rec@5,rec@10,f1@1,f1@3,f1@5,f1@10,map@1,map@3,map@5,map@10,auc
1,0.14492753623188406,0.04830917874396134,0.03768115942028987,0.023550724637681174,0.14492753623188406,0.14492753623188406,0.18840579710144928,0.23550724637681159,0.14492753623188406,0.08051529790660224,0.06280193236714975,0.04281949934123845,0.14492753623188406,0.14492753623188406,0.1547101449275362,0.1617121002990568,0.6166847826086955
2,0.10526315789473684,0.03508771929824561,0.027067669172932338,0.018796992481203013,0.10526315789473684,0.10526315789473684,0.13533834586466165,0.18796992481203006,0.10526315789473684,0.05847953216374267,0.04511278195488721,0.03417634996582364,0.10526315789473684,0.10526315789473684,0.11203007518796992,0.11924304809643155,0.5928884711779447
